host_id,mstar_phys,mstar_hinv,host_m200_phys,host_m200_hinv,sfr,alpha,d_3d_kpc,d_proj_kpc,d_r200_3d,d_r200_proj,quenched
0,9.856398,9.687243,12.467308044433594,12.298152923583984,0.3216468,53.54073927558352,166.52625457828364,143.29049124121778,0.5602692595738731,0.48209369528546975,0
1,9.152636,8.98348,12.399971961975098,12.230816841125488,0.2007823,87.36377891911104,221.60874702317744,108.13606289562097,0.785132104189955,0.38311256094587565,0
1,8.528727,8.359572,12.399971961975098,12.230816841125488,0.0,75.8048923164477,109.49475212359224,37.30272120476338,0.3879262271338161,0.132158880842569,1
1,8.823419,8.6542635,12.399971961975098,12.230816841125488,0.0,12.443077141695028,67.548959134354,67.483502933291,0.23931752303734602,0.2390856198946984,1
1,8.328365,8.15921,12.399971961975098,12.230816841125488,0.0,40.34692697346209,192.8286546567413,192.49356669702595,0.6831678325537005,0.6819806577763777,1
1,8.367165,8.1980095,12.399971961975098,12.230816841125488,0.0,11.224897305076354,110.69042162197202,69.45610895068727,0.39216233478655455,0.246074316568364,1
2,8.538825,8.369671,12.462591171264648,12.293437004089355,0.092579484,25.845360405624092,140.17097013727232,137.18147525002644,0.47330523324397944,0.46321082087382953,0
2,8.934201,8.765046,12.462591171264648,12.293437004089355,0.0,42.55863558339445,14.268545976046077,11.82578250608565,0.04817957295031355,0.039931269233950385,1
2,8.110636,7.941481,12.462591171264648,12.293437004089355,0.0,66.00500165340162,158.8885945305718,113.3842522116733,0.5365076892915324,0.3828564494251886,1
3,9.343784,9.17463,12.478475570678711,12.309321403503418,0.15858045,56.426694556586995,144.06206227959265,119.0163924725864,0.48054700697713254,0.3970023077478802,0
3,9.437658,9.268504,12.478475570678711,12.309321403503418,0.016798723,74.65113303791506,159.51540039718682,150.85000542761472,0.5320946196012194,0.5031895105738273,1
3,8.629526,8.460372,12.478475570678711,12.309321403503418,0.025133545,68.1533031088077,155.7922996406181,102.1008459138146,0.5196754934486928,0.34057721469025004,0
3,9.260496,9.091341,12.478475570678711,12.309321403503418,0.0,71.53594775197433,89.33123287987908,85.19119197516854,0.29798168866061087,0.2841717776122711,1
3,8.294579,8.125423,12.478475570678711,12.309321403503418,0.0,65.40515560539325,154.5110814461975,150.95507066310256,0.5154017411583879,0.5035399760860664,1
3,8.637013,8.46786,12.478475570678711,12.309321403503418,0.0,64.94643742754118,57.21037286244987,50.56571673357036,0.19083631743199417,0.1686717755352645,1
3,8.1687155,7.9995604,12.478475570678711,12.309321403503418,0.0,57.318655950391886,174.81869655219117,72.16943565466575,0.5831417380986598,0.240735178646621,1
3,8.15435,7.985195,12.478475570678711,12.309321403503418,0.0,7.325703384109204,187.03987720615734,127.45591053623971,0.6239078613379091,0.4251539604567457,1
4,9.701065,9.53191,12.47071647644043,12.30156135559082,0.69710785,87.02982550293797,112.34662532524308,58.85208097366871,0.376976972469125,0.19747704254340867,0
4,8.910301,8.741146,12.47071647644043,12.30156135559082,0.010651571,69.5831319309143,93.46795749925553,61.58255778085737,0.3136299603030907,0.20663910573125474,1
4,8.501995,8.33284,12.47071647644043,12.30156135559082,1.36494,14.156767343270985,44.763647278174226,32.718593854463705,0.150203570234079,0.10978662170755292,0
4,8.576482,8.407327,12.47071647644043,12.30156135559082,1.028497,1.9646032972685248,42.96426732775329,42.47354863012556,0.14416578490614787,0.14251918761468363,0
4,8.441915,8.272759,12.47071647644043,12.30156135559082,1.0978316,9.894656162740546,36.782606145635995,34.08841647302345,0.12342333794329381,0.114383035547928,0
4,8.318546,8.149391,12.47071647644043,12.30156135559082,0.45480835,0.39640482108018205,41.04318304409883,39.60779966160523,0.1377196229941767,0.13290322125270534,0
4,8.190203,8.021048,12.47071647644043,12.30156135559082,0.44270873,39.378644501024496,17.710430173252334,13.846342039494537,0.05942701285873323,0.04646113834491652,0
4,8.224872,8.0557165,12.47071647644043,12.30156135559082,0.4998259,7.175261997432756,49.15041293671901,42.31828920024665,0.16492327927831824,0.14199821753967165,0
4,8.473428,8.304274,12.47071647644043,12.30156135559082,0.0,86.01439889617211,139.67613325168006,78.06558770037539,0.4686806184607441,0.2619476002960821,1
4,8.29307,8.123915,12.47071647644043,12.30156135559082,0.0,16.79825565955366,72.21430991603374,52.03961413494464,0.24231374856416593,0.17461793915268606,1
4,8.359619,8.190464,12.47071647644043,12.30156135559082,0.0,8.907124432974967,68.11540975803315,52.42887014339558,0.22855996675235846,0.17592408031319207,1
5,9.996064,9.82691,12.428559303283691,12.259404182434082,0.4282606,84.07994129223005,142.7491191515029,117.3005661190585,0.4947593632076648,0.40655629780362784,0
5,9.430575,9.26142,12.428559303283691,12.259404182434082,0.0,69.30468711529227,69.35529830964353,36.17564216071717,0.24038105055022044,0.12538247370948025,1
5,9.219985,9.05083,12.428559303283691,12.259404182434082,3.3546836,20.11805132348283,21.533498478452902,18.706999920304188,0.07463373545251337,0.06483727131284432,0
5,8.846247,8.677092,12.428559303283691,12.259404182434082,0.0,70.32851034467902,23.93528607876382,23.933834700424214,0.08295817843859385,0.08295314805362654,1
5,8.289602,8.120447,12.428559303283691,12.259404182434082,0.0,27.017803508464596,200.15175627269826,184.40187910709966,0.6937132506805619,0.6391251786604448,1
5,8.004419,7.835264,12.428559303283691,12.259404182434082,0.0,15.463455717272936,139.8400863812677,107.13637678572168,0.4846768407409288,0.3713278643675752,1
5,8.001122,7.831968,12.428559303283691,12.259404182434082,0.0,6.705785307975702,151.203707026235,141.41576850506485,0.5240624267778589,0.4901380547142367,1
5,8.201482,8.032328,12.428559303283691,12.259404182434082,0.5793818,12.997173962769523,31.187354392935163,29.92418176885398,0.1080933857336374,0.10371530979995357,0
5,8.074706,7.9055505,12.428559303283691,12.259404182434082,0.0,18.061499510905207,61.22133421719595,61.199134077189065,0.2121892486066846,0.21211230433411593,1
6,10.284892,10.115737,12.495126724243164,12.325972557067871,0.21840073,54.86259092433233,6.734412037262668,5.469756683773923,0.022178315377144302,0.018013449147119578,0
6,9.757552,9.588398,12.495126724243164,12.325972557067871,0.8014445,24.792500486634097,132.17560333559396,94.62011906363608,0.4352914849464225,0.31161069890063436,0
6,8.614689,8.445535,12.495126724243164,12.325972557067871,0.0,22.559138672743174,232.19888202694347,216.02759766157274,0.7646963101335723,0.7114397165773432,1
6,8.986415,8.81726,12.495126724243164,12.325972557067871,0.0,53.448460410570554,16.90818423556522,16.06344860499437,0.055683412353790124,0.0529014600287099,1
6,8.789689,8.620534,12.495126724243164,12.325972557067871,0.0,51.04850886752217,127.87996655739232,127.47238403485196,0.4211447433028357,0.4198024592731246,1
6,8.781987,8.612832,12.495126724243164,12.325972557067871,0.0,70.87918322559986,56.63054277501393,55.628470434655,0.18650032559540758,0.18320021917598703,1
6,8.062858,7.893703,12.495126724243164,12.325972557067871,0.0,65.07106672138917,138.4960586138154,129.73894328936225,0.4561065241379521,0.42726687720439605,1
6,8.684412,8.515258,12.495126724243164,12.325972557067871,0.0,22.97015290099489,43.49925248343718,41.41471642024968,0.14325528864429785,0.13639032434324286,1
6,8.378871,8.209717,12.495126724243164,12.325972557067871,0.0,6.681823166038612,133.50230465851138,128.4402385882174,0.43966068602710023,0.42298987688359635,1
6,8.079423,7.910268,12.495126724243164,12.325972557067871,0.0,1.162097071963231,77.31323601471382,68.60304377094147,0.25461425907329516,0.2259291430588524,1
7,9.757474,9.588319,12.456720352172852,12.287566184997559,0.14387898,68.43240721184145,161.7501134673683,156.29036316534444,0.5486246566792817,0.5301062546158005,0
7,8.073982,7.904827,12.456720352172852,12.287566184997559,0.0,67.28611732350186,235.85198465719026,233.83896824345675,0.7999636682528969,0.7931359114420979,1
7,8.309325,8.14017,12.456720352172852,12.287566184997559,0.0,59.92445693548797,59.27998244944578,21.801898165450385,0.2010660723637895,0.07394776201124534,1
7,8.7099,8.540746,12.456720352172852,12.287566184997559,0.0,42.20243093054262,34.81276886442297,30.21012005640433,0.11807808326608889,0.10246680134495471,1
7,8.014463,7.845309,12.456720352172852,12.287566184997559,0.04044464,56.085862552218146,81.38139268513915,56.750606995656305,0.276029720566308,0.1924869269758748,0
8,9.599785,9.43063,12.487360954284668,12.318205833435059,0.24257706,70.52849497993998,4.117277776538211,4.112717509227453,0.013640495689520199,0.013625387574408336,0
8,9.400527,9.231372,12.487360954284668,12.318205833435059,0.6412011,15.594182647425356,20.990708563452344,17.63234702048257,0.06954198507356628,0.05841577046357069,0
8,8.828314,8.659159,12.487360954284668,12.318205833435059,0.24098074,26.308470881259154,78.28235900189743,46.1577666120565,0.2593485886756625,0.15292016975328135,0
8,9.286954,9.117799,12.487360954284668,12.318205833435059,0.45820478,3.894819285003223,28.927327091642937,28.12949309918853,0.0958359143877487,0.0931926992039101,0
8,9.119962,8.950807,12.487360954284668,12.318205833435059,0.07466411,84.29912786135316,30.984084908603755,20.161792113899885,0.1026499302640906,0.06679579405348907,0
8,8.597257,8.428102,12.487360954284668,12.318205833435059,0.0,84.64179690841019,111.43680114121005,106.41276882391706,0.3691888884161344,0.3525443249721626,1
8,8.513351,8.344197,12.487360954284668,12.318205833435059,0.0,35.64600292084231,88.52178091014292,68.6311541375047,0.2932716800926414,0.2273742538125642,1
8,8.928852,8.759697,12.487360954284668,12.318205833435059,0.42916968,81.50701416196955,31.90037325383095,20.28249720897716,0.10568558340720642,0.06719568869710212,0
8,8.593416,8.424261,12.487360954284668,12.318205833435059,0.0,33.42023981948512,132.88960340425194,121.45895012128297,0.44026178480040296,0.4023921570275994,1
8,8.483407,8.314253,12.487360954284668,12.318205833435059,0.35150987,8.901764384548187,35.60513772300547,34.065483822227385,0.11795942707654274,0.11285857074943466,0
8,8.019085,7.84993,12.487360954284668,12.318205833435059,0.18308003,6.25766115268101,27.801396762940698,27.788756667204968,0.09210571967441651,0.09206384317718798,0
8,8.371654,8.202499,12.487360954284668,12.318205833435059,0.12635976,50.382827966175455,42.05257753205983,23.331256091682715,0.13931972378156413,0.0772961931213864,0
8,8.509409,8.340254,12.487360954284668,12.318205833435059,0.0,75.93616694739669,37.70623577921664,20.983369551160948,0.12492034167461123,0.06951767100709824,1
9,9.17545,9.006295,12.438522338867188,12.269367218017578,0.122481436,36.21984269016856,248.67184569116094,213.78667510377244,0.8553327072384279,0.7353415304405393,0
9,8.938279,8.769125,12.438522338867188,12.269367218017578,0.0,44.982897665439715,44.29225509954979,33.14233132785633,0.15234782352902124,0.11399649968438683,1
9,8.75114,8.581986,12.438522338867188,12.269367218017578,1.5037669,19.934225051301866,48.02045122576549,47.56965313068629,0.16517134231897024,0.16362077532973054,0
9,8.85384,8.684685,12.438522338867188,12.269367218017578,0.0,71.09678337509956,57.645307528033555,57.52261050763301,0.1982770377985627,0.19785500862056069,1
9,8.437476,8.268321,12.438522338867188,12.269367218017578,1.3574054,1.3580167419601423,30.99941519759475,21.356833293660568,0.1066257165143535,0.07345905198207886,0
9,8.528884,8.35973,12.438522338867188,12.269367218017578,0.8311176,3.8898091157325325,64.51642762490033,54.93430478301791,0.22191097085551403,0.18895226156271613,0
9,8.050525,7.88137,12.438522338867188,12.269367218017578,0.0,43.2356641632402,263.5325938169455,215.8020419766263,0.9064477978538812,0.7422735946581251,1
9,8.397094,8.227939,12.438522338867188,12.269367218017578,0.79278624,32.0758803845944,37.182137828874275,23.358632790950075,0.12789183480618627,0.08034444979865212,0
9,8.59456,8.4254055,12.438522338867188,12.269367218017578,0.7644224,21.841116750208453,24.303404868714026,15.031686252968909,0.0835940917384185,0.0517030501035428,0
9,8.665851,8.496697,12.438522338867188,12.269367218017578,0.0835511,38.135091916796995,50.25369768246254,7.089353900669347,0.1728528260527969,0.02438457094962704,0
9,8.51209,8.342935,12.438522338867188,12.269367218017578,0.10580808,7.639476668559723,58.76575911793969,48.44909450120274,0.20213094771369744,0.16664570549908922,0
9,8.16717,7.9980145,12.438522338867188,12.269367218017578,0.0,8.201026438965137,32.29100053471633,30.11627870904614,0.11106825877304446,0.10358807660175373,1
9,8.178144,8.00899,12.438522338867188,12.269367218017578,0.016185284,3.39909551708962,79.57180689835167,43.26103467685093,0.2736955155701398,0.14880083350506002,0
12,9.817345,9.64819,12.407098770141602,12.237943649291992,0.49518934,19.971273466087354,260.1522641925581,251.5984110479803,0.916676604688339,0.8865361133806391,0
12,8.186301,8.017146,12.407098770141602,12.237943649291992,0.04029857,74.0014722292346,205.9621354553742,151.40947071779948,0.7257314158290267,0.5335087894238717,0
12,8.736584,8.56743,12.407098770141602,12.237943649291992,0.0045990665,19.016077470813794,188.02043257631965,124.2740823401824,0.6625117497286952,0.4378941086825883,1
12,8.089862,7.920707,12.407098770141602,12.237943649291992,0.0,86.10807728487185,61.743543695897436,57.521771797425366,0.21756052046000382,0.2026846186812073,1
12,8.092845,7.92369,12.407098770141602,12.237943649291992,0.0,4.0217356661283645,35.65936262587914,14.875133477425624,0.12564989030057505,0.052414253985810316,1
14,8.239644,8.07049,12.180537223815918,12.011382102966309,0.0,19.146508618107838,186.64672642003438,84.75782434060764,0.782564573716601,0.35536905439738037,1
15,9.01001,8.840855,12.486306190490723,12.317151069641113,0.0,27.303912977053585,18.16620428866109,6.178913680373113,0.06023257288855806,0.020487046314759484,1
16,10.707711,10.538557,12.293843269348145,12.124689102172852,7.914933,51.927267384102066,151.49508543269093,137.99932005799153,0.5822910849829595,0.5304183536645518,0
16,9.002895,8.83374,12.293843269348145,12.124689102172852,0.39007044,33.44736093549358,41.38461695004713,29.953587488350177,0.15906716337774388,0.11513051336224864,0
16,8.947679,8.778523,12.293843269348145,12.124689102172852,0.07619636,23.641877663702815,87.88814773297764,80.58894566551173,0.3378095385365872,0.30975410506008033,0
16,8.812693,8.643538,12.293843269348145,12.124689102172852,0.412601,43.202396092087895,78.8019129256742,65.05686492721249,0.3028854120591949,0.2500545305206441,0
16,8.797331,8.628176,12.293843269348145,12.124689102172852,0.14586663,47.39459886379365,89.29705168967284,73.79803324523799,0.34322484432843964,0.2836523490200645,0
16,8.695127,8.525972,12.293843269348145,12.124689102172852,0.6203368,50.94173118163474,147.20202085707916,142.9293635382895,0.5657901323448254,0.5493676176552397,0
16,8.773257,8.604103,12.293843269348145,12.124689102172852,0.39023077,37.45156215925732,60.67140362330365,49.19934537535556,0.23319843902757428,0.18910408953032048,0
16,8.078943,7.9097886,12.293843269348145,12.124689102172852,0.3876497,46.56483849533788,166.52229555446627,147.98683391215323,0.6400501235754237,0.5688066635018768,0
17,9.115299,8.946144,12.375313758850098,12.206158638000488,0.07710893,0.5738676637707556,191.2817823584194,189.87202962366794,0.6906393473346765,0.6855493136857446,0
17,8.617099,8.447945,12.375313758850098,12.206158638000488,0.0,5.763904805872357,119.44819231562286,116.5573733922307,0.43127798457351413,0.42084043390926285,1
18,9.328186,9.159032,12.464863777160645,12.295708656311035,0.2862743,41.7111935929307,249.45465215985547,204.37991937531012,0.8408506171524636,0.6889147179751671,0
18,8.887449,8.718295,12.464863777160645,12.295708656311035,0.0,10.459690287083873,264.8611639337137,106.10043369121229,0.8927821999914713,0.35763861037247524,1
20,9.952915,9.78376,12.479755401611328,12.310601234436035,0.340572,26.67052604099362,167.20599830581932,159.55024565719037,0.5572079571750157,0.5316954376649349,0
20,9.203664,9.03451,12.479755401611328,12.310601234436035,0.06674243,27.580262664621102,223.57675056277276,207.79476858126782,0.7450614554213328,0.6924685698239911,0
20,8.93426,8.765105,12.479755401611328,12.310601234436035,0.020628197,78.55066355700376,250.80232659804923,234.47989880281906,0.8357897053599684,0.78139580358569,0
20,9.034795,8.86564,12.479755401611328,12.310601234436035,0.07203255,64.57123187515116,105.0169038998497,95.00803336405086,0.3499650436215459,0.31661084364433384,0
20,8.740603,8.571449,12.479755401611328,12.310601234436035,0.018197984,9.573231245753135,164.3447078348219,148.71807585591372,0.5476728099052821,0.4955976225871358,0
20,8.241952,8.072797,12.479755401611328,12.310601234436035,0.0,9.382776785244545,150.30270924433918,88.99178444728219,0.5008783561863032,0.2965619111733963,1
22,10.539645,10.370491,12.429516792297363,12.260361671447754,2.7528055,1.0512218533954183,223.7328995911011,180.24341563910667,0.7748773417946588,0.6242557041976315,0
22,8.791255,8.622101,12.429516792297363,12.260361671447754,0.03898871,87.94690838827248,249.39663963285994,244.61676947420867,0.8637612328111869,0.8472066130416828,0
22,9.386766,9.217611,12.429516792297363,12.260361671447754,0.062348682,6.191868972108637,47.60848015469049,24.712209701410448,0.16488738409314233,0.08558835735959303,0
22,8.2178135,8.048658,12.429516792297363,12.260361671447754,0.0,47.49244566291563,276.2594399654024,207.18057548144768,0.9567979536192744,0.7175499620036089,1
23,8.402542,8.233387,12.191981315612793,12.022826194763184,0.0,57.304111543908874,168.88241859568402,168.60853194316857,0.7018710641473591,0.7007327981404221,1
24,9.720121,9.550967,12.320548057556152,12.151392936706543,1.9497792,39.06215855713616,170.88405642939725,88.77342980280808,0.6434923574163603,0.3342911258859695,0
24,8.50335,8.334195,12.320548057556152,12.151392936706543,0.0018203023,5.1788671448907735,201.1206699048488,197.63642266299914,0.7573533582151359,0.7442328452876726,1
24,8.163511,7.994356,12.320548057556152,12.151392936706543,0.015600141,33.59913426052938,172.60107466742866,109.99764964672515,0.6499580753821217,0.41421445839024035,0
24,8.162893,7.9937387,12.320548057556152,12.151392936706543,0.0,69.19578887371557,61.622667679849314,35.88290228342497,0.23205041198196621,0.13512304110619056,1
25,8.297119,8.127964,12.316046714782715,12.146891593933105,0.0,21.904914073435123,78.42091287050908,70.59682223397638,0.2963236529991308,0.2667593055062372,1
25,8.074177,7.905022,12.316046714782715,12.146891593933105,0.0,85.67295203274949,119.91660130290805,119.91354644886617,0.4531205268165271,0.4531089836518796,1
25,8.004208,7.8350525,12.316046714782715,12.146891593933105,0.0010269821,10.03829591039549,68.38209047521028,64.62117337755762,0.25839065253921006,0.24417953649617785,1
26,10.409798,10.240643,12.426586151123047,12.257431983947754,4.479427,65.35617973968247,57.13404649819604,26.977176616101247,0.1983295924100985,0.09364595666815817,0
26,8.8024845,8.633329,12.426586151123047,12.257431983947754,1.7339454,20.521259843926032,30.5113628468504,27.707334970621336,0.10591418826747248,0.09618055762367371,0
26,8.790525,8.62137,12.426586151123047,12.257431983947754,1.156251,18.097216576489927,28.183785272747045,27.827393275719057,0.09783446103181484,0.09659731638967903,0
26,8.687632,8.518477,12.426586151123047,12.257431983947754,0.9632139,49.704112853341,15.653729042817666,5.615958297482507,0.054338838066688905,0.019494693416595023,0
26,8.619376,8.450222,12.426586151123047,12.257431983947754,0.76094383,80.28607528699288,20.641401940606706,10.59456724873717,0.07165256243110318,0.036776954075356194,0
26,8.505201,8.336046,12.426586151123047,12.257431983947754,0.41124246,14.114614642480888,27.147679270661946,26.608365074335737,0.094237823060554,0.09236570002194279,0
26,8.485871,8.316716,12.426586151123047,12.257431983947754,0.0,17.848473775865273,52.77444345127525,38.013726295318314,0.18319608886256097,0.1319571657221508,1
26,8.378037,8.208882,12.426586151123047,12.257431983947754,0.50172144,31.119295784836993,24.86917186102088,19.629746964804678,0.0863284332386416,0.06814080138304231,0
26,8.246189,8.077034,12.426586151123047,12.257431983947754,0.0,19.49643315018693,173.08300438362198,151.28648874468067,0.6008235687210234,0.5251612565344,1
26,8.213976,8.044822,12.426586151123047,12.257431983947754,0.0,14.81059537461104,43.668524324888516,40.73191556535888,0.1515866836209311,0.14139282454666047,1
26,8.18407,8.014915,12.426586151123047,12.257431983947754,0.2943661,15.961906174745991,22.342076489623622,16.09703226977717,0.0775561192558312,0.05587767793023219,0
26,8.128766,7.9596114,12.426586151123047,12.257431983947754,0.2577771,10.274990590935602,30.298710527333412,27.327050000577916,0.10517600761268203,0.09486047323037279,0
27,9.7369,9.567746,12.336727142333984,12.167572975158691,0.22962636,0.7354186817529751,247.721694558508,145.39943782783234,0.9213251675645456,0.5407687916040759,0
27,8.309682,8.140527,12.336727142333984,12.167572975158691,0.07194375,6.305966523486802,181.93382836318946,180.84528195008411,0.676647296479661,0.6725987806310857,0
27,8.101393,7.932237,12.336727142333984,12.167572975158691,0.013608519,79.8999535699945,169.63668485656763,17.899949932465177,0.6309118278038333,0.0665733956015321,0
27,8.410665,8.241509,12.336727142333984,12.167572975158691,0.046531763,15.341773353662802,233.82564083549775,127.12136480017253,0.8696430407824904,0.47278908266102926,0
27,8.063631,7.894476,12.336727142333984,12.167572975158691,0.0,31.929368963379687,162.0031071150207,142.75292405882658,0.6025210673402331,0.5309258921114147,1
28,8.266417,8.097262,12.328490257263184,12.159335136413574,0.0027970753,82.39299300325433,222.598190207736,164.79215241619363,0.8331073848568056,0.6167595478483271,1
28,8.6154785,8.446325,12.328490257263184,12.159335136413574,0.0,13.782991027591777,11.419193217168694,11.366720571596609,0.04273805725667289,0.042541670446482376,1
28,8.1027,7.933545,12.328490257263184,12.159335136413574,0.0,30.894141206630508,49.10253301002901,44.64330790888875,0.18377365434846454,0.16708433014941415,1
29,10.341915,10.17276,12.36772346496582,12.198568344116211,0.78703064,24.12581167911526,99.51071369106587,83.86092802503323,0.3613847293917323,0.3045507127499083,0
29,8.808879,8.639724,12.36772346496582,12.198568344116211,0.0,13.104400279892587,144.73988956517627,136.216659849676,0.5256397415165616,0.49468664159365183,1
29,8.440012,8.270857,12.36772346496582,12.198568344116211,0.0,58.68151888292351,33.740919236102876,33.51251707969806,0.1225340721143081,0.12170460312123971,1
30,8.286737,8.117583,12.440438270568848,12.271283149719238,0.036296576,36.03311910238435,192.59006803541655,187.85117722917118,0.6614347489229261,0.6451594182032462,0
30,9.389087,9.219933,12.440438270568848,12.271283149719238,0.0,31.441256182300123,26.528031248728997,20.09351986421811,0.09110834150178429,0.0690095413639028,1
30,9.218038,9.0488825,12.440438270568848,12.271283149719238,0.00014192195,46.25319702540312,42.143390390692645,41.93557315477256,0.14473800817549182,0.14402427697084125,1
30,8.144355,7.9752,12.440438270568848,12.271283149719238,0.0,36.511671674919256,175.58407973727034,138.27726892203552,0.603029080785865,0.474901907373412,1
31,10.169594,10.000439,12.319597244262695,12.150443077087402,2.0483,38.74771694874241,159.26455457834487,156.32385847736478,0.6001611540760524,0.5890796452593309,0
31,10.117424,9.94827,12.319597244262695,12.150443077087402,0.40811095,66.88041958160247,230.35196525960004,174.5442459146501,0.8680418670676762,0.6577400498360114,0
31,10.13738,9.968225,12.319597244262695,12.150443077087402,2.8325756,78.67636827037836,55.931344247034865,55.25742535840329,0.21076767646885833,0.2082281287394493,0
31,9.930857,9.761703,12.319597244262695,12.150443077087402,2.6464822,71.8537909383192,69.96479047335373,59.73529619274414,0.2636503113096739,0.22510221685564405,0
31,8.615708,8.446554,12.319597244262695,12.150443077087402,0.09321187,88.5551207224535,165.14386336982764,164.86606964283757,0.6223163207344945,0.6212695027263895,0
31,9.138628,8.969473,12.319597244262695,12.150443077087402,0.21380581,57.744710380696006,104.98322380864685,82.07006559333858,0.3956112703572589,0.3092669640900288,0
31,8.27102,8.101865,12.319597244262695,12.150443077087402,1.4984306,49.13593542304115,90.17873334697363,58.00315213359975,0.33982308757855406,0.21857492909651685,0
31,8.15899,7.9898353,12.319597244262695,12.150443077087402,0.0,23.732899771734537,79.6538147069537,12.381086864060286,0.3001617371024589,0.04665600202583065,1
32,8.257053,8.087899,12.254030227661133,12.084875106811523,0.0,32.253623578981646,176.74913477177452,165.9885335902778,0.7004117547156138,0.6577702359038872,1
32,8.0761,7.9069457,12.254030227661133,12.084875106811523,0.0,13.554243695918018,237.55304878844368,172.47190865766885,0.9413621625633443,0.6834621982056795,1
33,8.79318,8.624025,12.387167930603027,12.218012809753418,0.011649131,61.786058873704604,173.50635834803143,172.94056212237857,0.6207995376445835,0.6187751390079538,1
33,8.058861,7.889706,12.387167930603027,12.218012809753418,0.0020488116,46.424287447925735,222.85170529418554,208.55214099510928,0.7973554221709421,0.7461920931154208,1
33,8.483113,8.313958,12.387167930603027,12.218012809753418,0.0,3.4272583244597286,220.81701782009202,217.82191017926283,0.7900753832421393,0.7793589953453172,1
34,9.268547,9.099392,12.325547218322754,12.156392097473145,0.02164237,88.44587612749221,81.05261939683464,72.98005377868492,0.3040447280065365,0.2737629057045529,1
34,8.23728,8.068125,12.325547218322754,12.156392097473145,0.027859034,29.23175329934864,199.26777781818168,199.23520880744618,0.7474936375660436,0.747371464635863,0
34,9.06711,8.897955,12.325547218322754,12.156392097473145,0.0,29.819058514352662,25.207146935640402,24.898240746757192,0.09455709378550808,0.09339832434810483,1
34,8.039054,7.8698983,12.325547218322754,12.156392097473145,0.0,50.90020044916173,178.93822834612916,153.56808914952222,0.6712333959387752,0.5760648852981237,1
34,8.258814,8.08966,12.325547218322754,12.156392097473145,0.0,13.623337594992847,23.682499675440937,13.557905755910536,0.08883783430959087,0.050858439845252665,1
34,8.003869,7.834714,12.325547218322754,12.156392097473145,0.0,5.85566312909765,38.70889699239129,37.402025280053145,0.1452048822736045,0.14030254281469237,1
36,8.379429,8.210274,12.397538185119629,12.22838306427002,0.0004471119,17.75527649075491,197.11223089091334,138.61016540485204,0.6996184517483938,0.4919746931929315,1
39,9.595515,9.42636,12.388760566711426,12.219605445861816,0.1710134,63.26889344138971,145.87404981584214,132.5398542054818,0.5212909221703604,0.47364025959603717,0
39,8.982867,8.813712,12.388760566711426,12.219605445861816,0.24038585,12.076807045342889,269.5659695094395,185.11058159468647,0.9633124809294357,0.6615053596222719,0
39,9.506286,9.337131,12.388760566711426,12.219605445861816,0.015205919,53.489420690158454,117.40307911911776,92.6565200887012,0.41954795562958414,0.3311144296268795,1
39,8.027538,7.8583837,12.388760566711426,12.219605445861816,0.0013012015,8.07748866041834,151.75817787845352,101.17866524106695,0.5423182573804237,0.36156889984248564,1
39,8.731697,8.562543,12.388760566711426,12.219605445861816,0.0,81.22050076119919,55.02689791368848,51.49265988143478,0.19664239385836063,0.18401255184513776,1
39,8.416354,8.247199,12.388760566711426,12.219605445861816,0.0,27.425330231589797,108.28871090248028,92.4387514345425,0.3869771356746343,0.3303362184050104,1
40,9.092501,8.9233465,12.375467300415039,12.20631217956543,0.11822705,28.572201887011943,105.24741943177642,89.80431170546004,0.37996390351185405,0.32421124443740623,0
40,9.187615,9.018461,12.375467300415039,12.20631217956543,0.00027498984,67.07192092148944,91.3155499880979,44.73981623532968,0.32966711214521116,0.16151954424116144,1
40,8.880062,8.710907,12.375467300415039,12.20631217956543,0.0,53.62295428232835,51.99406417414831,45.37940006563372,0.18770880739609397,0.16382856777919616,1
40,8.8319,8.6627445,12.375467300415039,12.20631217956543,0.0,24.16533313050229,110.67751866406783,94.33054235085883,0.39956763072813606,0.34055182811637724,1
40,8.543203,8.374048,12.375467300415039,12.20631217956543,0.0,54.3963538142294,157.51379049931586,145.1050818477525,0.5686557924003465,0.5238579113478272,1
40,8.051955,7.8828006,12.375467300415039,12.20631217956543,0.10027224,10.699188921460149,22.26200279568609,14.869852052406214,0.08037021266563062,0.05368309323858028,0
40,8.382795,8.21364,12.375467300415039,12.20631217956543,0.0,48.45516759875029,54.52026243224686,28.58081231316035,0.1968288804237673,0.10318235896593682,1
41,9.716561,9.547406,12.334558486938477,12.165403366088867,1.2621958,36.1671859268002,11.205884519687896,6.842435170792707,0.041745476074171346,0.02549024248907315,0
41,9.377534,9.20838,12.334558486938477,12.165403366088867,1.0962663,25.033821054565806,10.668536860473406,10.20718562526281,0.03974368551387782,0.03802500575080905,0
41,9.231564,9.062408,12.334558486938477,12.165403366088867,0.0,64.94103300091666,11.427447226391259,9.421096177487613,0.04257086747057237,0.035096573088790856,1
41,8.630916,8.461761,12.334558486938477,12.165403366088867,2.2352672,18.912916604862147,39.29879278402247,25.329711757179215,0.1464004747708144,0.09436121479453119,0
41,9.019651,8.850496,12.334558486938477,12.165403366088867,2.0483208,13.920492585705833,30.561999392272867,26.76319109368065,0.11385314672549385,0.09970138024417535,0
41,8.305152,8.135997,12.334558486938477,12.165403366088867,0.9456669,87.67123894403989,40.23634868347616,23.11002096222652,0.14989316803390118,0.08609216215437987,0
41,9.073943,8.904788,12.334558486938477,12.165403366088867,0.7494289,46.15896831052612,31.151999468184602,23.981260132777933,0.11605108424746811,0.08933780455639061,0
41,8.679662,8.510508,12.334558486938477,12.165403366088867,0.0011628002,52.73263725572997,165.58725150745502,152.20068318998875,0.6168650617314038,0.5669958464606031,1
41,8.838472,8.669318,12.334558486938477,12.165403366088867,0.379626,41.11964670471997,24.72246000269937,19.658339619499355,0.09209900929499218,0.07323355374597429,0
41,8.211887,8.042733,12.334558486938477,12.165403366088867,0.16842444,17.472937262694018,27.56475042681437,22.597410375021315,0.1026874431385924,0.08418252503774305,0
43,10.472692,10.303536,12.25175952911377,12.082605361938477,5.04894,8.088491558687679,184.5219862294296,181.8379406258619,0.7324756571647,0.7218211107471864,0
43,9.160932,8.991776,12.25175952911377,12.082605361938477,0.20988488,33.36216688671422,224.6798999351846,194.55233846191248,0.8918858978251967,0.772291990129739,0
43,8.68331,8.514155,12.25175952911377,12.082605361938477,0.009858175,60.24366857860076,213.0164562955426,86.82388234341046,0.8455868701628353,0.3446547567399701,1
43,8.684418,8.515264,12.25175952911377,12.082605361938477,0.0,55.203982088697245,220.14732406542416,188.5756598299806,0.8738934539073014,0.7485670579520455,1
43,8.693614,8.52446,12.25175952911377,12.082605361938477,0.0,25.78477348097988,35.650649301922634,27.92999408604932,0.1415182727510073,0.11087047777248718,1
43,8.141516,7.972361,12.25175952911377,12.082605361938477,0.0,61.50037291127006,199.14390795415136,175.1519429398669,0.7905186142300419,0.6952804764904011,1
43,8.003423,7.8342676,12.25175952911377,12.082605361938477,0.33616975,23.232531459690023,40.24128436676619,35.91712602848658,0.15974118756259906,0.14257607469319067,0
44,9.916983,9.747828,12.229339599609375,12.060184478759766,0.9845107,10.41858230173193,126.05590003710486,92.39144389969996,0.509088256690312,0.3731312782198535,0
44,9.0456295,8.876474,12.229339599609375,12.060184478759766,0.20443346,0.7504063343431895,202.06618550086188,194.2906980607798,0.8160627315533433,0.784660715902956,0
44,8.485056,8.315901,12.229339599609375,12.060184478759766,0.049469378,42.2304791732891,230.39562858119234,49.41037667061401,0.9304737728971253,0.19954831558261327,0
44,8.982569,8.813414,12.229339599609375,12.060184478759766,0.6958643,1.432218031536408,34.45793623271587,31.916756142513794,0.1391615202516954,0.12889873253865455,0
44,8.280539,8.111383,12.229339599609375,12.060184478759766,0.0,16.094405560857037,121.39701479730498,97.48710492267618,0.490272923459961,0.39371057031255324,1
44,8.451407,8.282252,12.229339599609375,12.060184478759766,0.0,12.550984409175804,75.65624288701987,51.22276673253558,0.3055446416054669,0.20686781825400674,1
44,8.023288,7.8541327,12.229339599609375,12.060184478759766,0.0,71.4026636364465,66.31657556051127,57.46452854630253,0.26782554273012527,0.2320757429882829,1
45,8.606038,8.436884,12.402104377746582,12.232949256896973,0.0,56.6028982437943,101.10592951839023,88.72038426761183,0.3576179784662713,0.3138095324544056,1
45,8.004857,7.835702,12.402104377746582,12.232949256896973,0.0,0.1929330541119043,235.75125785414073,235.71761556148184,0.8338669023298328,0.8337479074425007,1
46,10.262968,10.093813,12.32101821899414,12.151863098144531,0.45199832,64.4718468227858,234.81356396686095,189.77234235911354,0.8838605252646312,0.7143210952749622,0
46,9.506007,9.336852,12.32101821899414,12.151863098144531,0.18595594,60.232182441736455,77.87105078081795,16.793413824691235,0.29311402068645426,0.0632120023789286,0
46,8.5036335,8.334478,12.32101821899414,12.151863098144531,0.0,13.477708063119792,130.05510272551888,113.82228861989138,0.489539741514019,0.4284378896467739,1
46,8.341599,8.172444,12.32101821899414,12.151863098144531,0.0,54.83983796741194,29.609200541640586,20.143348207492693,0.11145183907303438,0.075821473114626,1
47,9.1097355,8.94058,12.212625503540039,12.04347038269043,0.39084634,4.746936040652017,126.86195665932071,102.08696146165263,0.518958216225624,0.4176103602304076,0
47,9.5003195,9.331165,12.212625503540039,12.04347038269043,0.12525178,67.61267460437566,62.09357742855002,61.23000932980976,0.2540081599712616,0.25047553465226946,0
47,8.441074,8.27192,12.212625503540039,12.04347038269043,0.030284008,26.99977787703557,241.01669388160988,218.6843804238675,0.9859346082236855,0.8945791076354012,0
47,9.381433,9.212277,12.212625503540039,12.04347038269043,3.0803719,52.03787873555672,23.49845757400795,21.524385680054557,0.09612588318662599,0.08805048488941768,0
47,9.363127,9.193972,12.212625503540039,12.04347038269043,1.3029972,48.905554702704706,30.6069844638347,21.231138453751594,0.12520495883609756,0.08685088919120552,0
47,9.031221,8.862066,12.212625503540039,12.04347038269043,0.018414805,58.871013686184,69.88495684240486,69.81543560968672,0.28588060202581256,0.2855962093215592,1
47,8.834843,8.665688,12.212625503540039,12.04347038269043,0.0,25.834975184631503,28.341835321646307,16.735649076337413,0.11593884163855296,0.06846104869214133,1
47,8.781182,8.612027,12.212625503540039,12.04347038269043,0.3174624,34.86440408035662,38.26828652581386,34.20150215666001,0.15654528935557238,0.1399091659852076,0
47,8.281028,8.111873,12.212625503540039,12.04347038269043,0.2050954,36.36966360190661,57.50081539426512,19.145277252584044,0.23522040313993775,0.07831819084130491,0
48,9.679595,9.510441,12.32223129272461,12.153076171875,0.5153349,55.91647457729188,142.11737648493337,135.47190004611525,0.5344412610064236,0.5094505322454901,0
48,9.554974,9.3858185,12.32223129272461,12.153076171875,0.09073898,55.68221359882038,106.12695683885407,52.636921014829,0.3990970424770296,0.19794442550551222,0
48,8.053511,7.884356,12.32223129272461,12.153076171875,4.6014382e-05,27.70246428096446,247.60193039320336,179.62712540600018,0.9311225071833297,0.6754990120657006,1
48,8.190709,8.021554,12.32223129272461,12.153076171875,0.23988853,41.319777139812686,19.51906175377042,17.26079720073083,0.07340264952367206,0.06491030477833731,0
48,8.234036,8.064882,12.32223129272461,12.153076171875,0.0,2.36714238000107,92.78125584817539,56.57329877251303,0.3489097012603196,0.2127474196547697,1
49,8.902399,8.733244,12.262468338012695,12.093313217163086,0.14545561,21.81301851072547,85.83336958615517,81.6818077484491,0.33794570860473383,0.321600055232106,0
49,8.195548,8.026394,12.262468338012695,12.093313217163086,0.0,56.419025316392435,191.9286236142021,163.42728228274711,0.7556671143351555,0.6434507812366871,1
51,8.962794,8.793639,12.332276344299316,12.163121223449707,0.027940359,20.917700536059172,130.89013006620755,90.32434280630284,0.48845511303530453,0.33707191713367196,0
51,9.302158,9.133004,12.332276344299316,12.163121223449707,0.014281885,15.378391554611767,13.90309681295553,13.365184275301333,0.05188350505785193,0.04987612582115865,1
52,10.57053,10.401375,12.320710182189941,12.151555061340332,0.65354526,29.327962247571577,45.0085116456944,18.12285637207736,0.16946311889854562,0.0682349993783099,0
52,10.24297,10.073816,12.320710182189941,12.151555061340332,0.57301885,77.16876355456981,122.77065890680005,109.79180907012113,0.4622480950126264,0.4133809742699237,0
52,8.310951,8.141796,12.320710182189941,12.151555061340332,0.012201133,28.126806794325034,178.89950129594084,164.91653181606083,0.6735807595162883,0.6209329928410194,0
52,8.448912,8.279757,12.320710182189941,12.151555061340332,0.015789598,37.45886143726452,115.866622568799,54.39133492396057,0.43625346670683857,0.2047907144725923,0
52,8.27025,8.101095,12.320710182189941,12.151555061340332,0.001778907,58.519932187482254,74.80338966471412,58.3835442444101,0.2816448545678213,0.2198219211933313,1
53,8.229115,8.05996,12.355380058288574,12.186224937438965,0.0076386235,69.7942978234656,145.55539116341987,125.51603515321516,0.5336367592670295,0.46016825415973533,0
53,8.538891,8.369736,12.355380058288574,12.186224937438965,0.0031109983,62.910461570560756,116.27061239282669,65.21249773104017,0.42627258461103334,0.23908276893591607,1
53,8.711872,8.542718,12.355380058288574,12.186224937438965,0.0,70.20208939432479,52.8022642548869,25.28713943142409,0.19358423589617266,0.0927079858015588,1
54,10.405693,10.236538,12.276931762695312,12.107776641845703,1.381735,24.53883916073127,164.90433121333524,163.66578573720182,0.642075881878628,0.6372534483319533,0
54,8.613058,8.443904,12.276931762695312,12.107776641845703,0.010974264,64.96366627711859,241.70897049349918,96.88971685413914,0.941124464383011,0.3772523737633715,0
54,8.105035,7.9358797,12.276931762695312,12.107776641845703,0.014860315,26.43140971626488,226.89976667523257,180.8736065484726,0.8834629552427042,0.7042542762745041,0
54,8.718049,8.548895,12.276931762695312,12.107776641845703,0.02201976,80.75034740245951,203.41948172703016,178.41169357133464,0.7920394944157435,0.69466850654806,0
55,8.214474,8.045319,12.29771900177002,12.12856388092041,0.0023898901,2.9859802904395423,165.98572683901975,90.22696635835307,0.63606876012583,0.3457559617588836,1
56,10.175276,10.006121,12.096227645874023,11.927072525024414,0.07993629,6.937186292106361,33.02916336495789,23.59740220597355,0.14773729957932877,0.10554964533847416,1
57,8.568596,8.399441,12.205643653869629,12.03648853302002,0.09740352,80.82880980581434,152.3847788602272,152.17357595992667,0.6267383290616994,0.6258696796216608,0
57,8.790631,8.621477,12.205643653869629,12.03648853302002,0.19377775,81.40701046683141,102.96472257309908,66.06977511448416,0.4234802101655873,0.2717361981062123,0
57,8.65686,8.487706,12.205643653869629,12.03648853302002,0.055836566,38.66492805230604,130.59828362765631,97.64944801278097,0.5371333716617448,0.4016191928031281,0
57,8.21164,8.042485,12.205643653869629,12.03648853302002,0.0,10.03342763630613,51.23577381990094,51.11918201954507,0.21072592362733047,0.21024639705857548,1
58,10.387553,10.218399,12.328631401062012,12.159476280212402,2.5044107,1.452873834597625,25.47070263475659,25.379710329883107,0.09531741018775762,0.09497689540212621,0
58,9.213354,9.0442,12.328631401062012,12.159476280212402,0.09936382,17.524937940346263,102.93967647052297,102.07398116224596,0.38522468372532465,0.38198504656336985,0
58,8.414348,8.245193,12.328631401062012,12.159476280212402,0.032124963,26.742464646583187,240.11038283105054,105.61038409685929,0.8985499999287899,0.395219105079202,0
59,8.690325,8.521172,12.206575393676758,12.037420272827148,0.034836024,69.230230821502,134.57093926794366,87.25101231389117,0.5530507510867012,0.35857844313023407,0
59,8.210915,8.04176,12.206575393676758,12.037420272827148,0.0,83.16219895099886,88.26729792333474,32.62801496518489,0.3627551065516156,0.13409245919755677,1
59,8.099926,7.930771,12.206575393676758,12.037420272827148,0.0,30.75828996767308,149.60738201334607,56.5831901232529,0.6148465295753924,0.23254185462909277,1
60,8.92166,8.752505,12.188810348510742,12.019655227661133,0.0,2.626074678772392,67.3519549959534,64.82908897865602,0.2806002640200591,0.27008955396593504,1
60,8.102926,7.9337716,12.188810348510742,12.019655227661133,0.0,2.610338841415711,125.0649458131755,101.76643562515419,0.5210428831195751,0.4239771318666886,1
61,10.515488,10.346333,12.22800350189209,12.05884838104248,3.6163344,49.41225313180496,71.58357941753803,69.30525173096231,0.28940252707911074,0.280191562841581,0
61,9.586728,9.417573,12.22800350189209,12.05884838104248,0.54462683,88.2066782752259,168.74637172829344,142.36803905202132,0.6822182798201114,0.5755743232205298,0
62,10.049506,9.880352,12.22326374053955,12.054109573364258,3.1474538,42.863073418683456,22.24763819509425,22.202874596052993,0.09026787563797484,0.09008625119065461,0
62,9.441991,9.272836,12.22326374053955,12.054109573364258,0.012307986,27.626298577903185,21.686260564111556,20.02537019356307,0.08799013425549133,0.0812512146406425,1
63,8.82857,8.659415,12.272432327270508,12.103278160095215,0.17040123,71.98678873203386,243.00031699734794,181.59833289838278,0.9494405424355877,0.7095333118200035,0
63,8.9937525,8.824598,12.272432327270508,12.103278160095215,0.022593074,73.4153245536796,105.55431147211543,75.84435724346461,0.41241733335514125,0.29633585902976184,0
65,10.23389,10.064735,12.2531099319458,12.083955764770508,2.3793101,21.289049164193614,64.43187993763155,63.727930647195286,0.2555149052547875,0.25272328197103255,0
65,9.343299,9.174145,12.2531099319458,12.083955764770508,0.023001047,17.90525610852808,104.0555571449899,100.67105573019124,0.4126489224103424,0.39922714177668606,1
65,8.16639,7.997236,12.2531099319458,12.083955764770508,0.0,85.84672454830826,104.6628296545543,104.27940170766766,0.41505715848688374,0.4135366137562999,1
65,8.3329115,8.163756,12.2531099319458,12.083955764770508,0.0,1.2275640150362506,140.87913493167184,140.63985598019275,0.5586786983289401,0.5577297994503754,1
65,8.377453,8.208298,12.2531099319458,12.083955764770508,0.0,16.784703972256096,113.82066282670361,86.7987573722079,0.45137400781032283,0.344214328181346,1
66,9.14757,8.9784155,12.23080825805664,12.061654090881348,0.30206633,15.047993053617006,138.5835435375617,133.7983743447172,0.5590626706847741,0.5397587230417766,0
66,8.260195,8.091041,12.23080825805664,12.061654090881348,0.0,19.359655065813484,100.64589212926458,97.43816314635859,0.4060176252600125,0.39307726101301,1
67,8.701912,8.532758,12.029298782348633,11.860143661499023,0.09579743,82.98961176806102,200.087822015328,76.47207654274246,0.9421786945495734,0.36009368546685777,0
68,9.7532835,9.584128,12.206710815429688,12.037556648254395,0.658027,13.192762848967426,235.30311983547418,234.85167268846854,0.9669096777935342,0.9650545871523338,0
68,9.545433,9.376279,12.206710815429688,12.037556648254395,0.09811219,39.11869537339044,172.25184118481909,169.217892705383,0.707818801449853,0.6953516733100098,0
68,8.327913,8.158758,12.206710815429688,12.037556648254395,0.03200148,6.310109224135886,140.5613561646631,77.36448516573842,0.5775959778791971,0.31790683216002685,0
69,9.578553,9.409398,12.270733833312988,12.101578712463379,0.33305174,48.076576703901424,224.54137283798755,178.62017593138535,0.8784433108715973,0.698791927520842,0
71,8.264193,8.095038,12.151898384094238,11.982743263244629,0.0,3.5816948674007385,120.63779114712366,107.59185819587083,0.5170412526762144,0.4611277163680151,1
73,9.080794,8.911639,12.253715515136719,12.084561347961426,0.20674019,75.30283125426911,141.19609814589413,117.17732992196656,0.5596496806662168,0.4644480699770349,0
73,8.307905,8.138751,12.253715515136719,12.084561347961426,0.0,77.67648693064946,21.655995828745777,19.898256143787794,0.08583644526453887,0.07886940817003911,1
73,8.010225,7.8410707,12.253715515136719,12.084561347961426,0.0,59.677235882279376,15.923434598331744,13.897654006475694,0.06311466963384278,0.05508521643917583,1
74,8.300999,8.131844,12.268184661865234,12.099030494689941,0.0,9.253338374659847,23.74327281905552,22.56160267794276,0.09307465321430423,0.08844245530983087,1
75,9.493476,9.324321,12.213252067565918,12.044097900390625,1.8919235,55.069022854895024,32.70963336622047,12.602249547213425,0.13374410600659872,0.051528446696217936,0
77,10.472029,10.302874,12.192109107971191,12.022953987121582,1.8139663,59.281144466668096,57.37849947335678,42.11164597124377,0.23843791939952538,0.17499609331079194,0
77,8.350721,8.181566,12.192109107971191,12.022953987121582,0.053417467,11.70593716515475,163.62402498382667,88.12627218328804,0.6799440982076482,0.36621112745509343,0
78,8.555622,8.386467,12.189002990722656,12.019847869873047,0.07858652,51.684611405372266,109.69212770164434,51.809557645661556,0.4569166187416862,0.21580990718263995,0
78,9.52149,9.352335,12.189002990722656,12.019847869873047,1.9844745,31.765852073398946,19.23630976757609,11.389550362356005,0.0801278068010051,0.047442555355573075,0
78,9.2203665,9.051211,12.189002990722656,12.019847869873047,0.9509926,16.582571355698803,20.7358508061534,20.735288199388666,0.08637406380565314,0.08637172029763657,0
78,9.149765,8.98061,12.189002990722656,12.019847869873047,1.2007439,44.18659522616065,21.361090707558816,18.25159533911132,0.08897846676180315,0.07602603216587302,0
78,8.910511,8.741357,12.189002990722656,12.019847869873047,2.861093,17.089706152203576,30.563935754371197,25.734338248839734,0.127312419523029,0.10719499260873971,0
78,9.103378,8.934223,12.189002990722656,12.019847869873047,0.93044627,75.58962400379099,5.045854740368136,5.00917934015889,0.021018234716912658,0.020865465323103592,0
78,9.014383,8.845228,12.189002990722656,12.019847869873047,1.0695071,48.36261963792879,14.81431800434055,7.449991543582232,0.0617082395367366,0.03103253640048338,0
78,8.261156,8.092001,12.189002990722656,12.019847869873047,0.576305,71.69605409246358,29.08057693577749,13.518655877244711,0.1211335686795483,0.05631122909899105,0
78,9.0092535,8.840099,12.189002990722656,12.019847869873047,0.47535512,5.203461934680092,31.24772231125748,30.1189218907514,0.13016069540261901,0.12545873836906882,0
78,8.940602,8.771447,12.189002990722656,12.019847869873047,0.7003173,1.1096253084340333,35.32650639782519,35.22536872642065,0.14715064967245473,0.14672936617824386,0
78,8.026744,7.8575892,12.189002990722656,12.019847869873047,0.49162227,25.689443882253272,25.82733926526495,23.542167518722096,0.10758238330718736,0.09806362412590527,0
78,8.079885,7.910729,12.189002990722656,12.019847869873047,0.19894858,83.14652192656547,22.517772804471708,15.505146761073293,0.09379656340879307,0.0645858493184923,0
79,8.899235,8.73008,12.067231178283691,11.898076057434082,0.024322147,21.24847162421041,192.9085841861372,152.31103130600357,0.8823058304478918,0.6966248367317367,0
79,9.142699,8.973545,12.067231178283691,11.898076057434082,0.03214136,29.966151168417014,53.303762349977276,42.2110675368767,0.24379537336096135,0.19306072435470398,0
81,9.126415,8.95726,12.15019416809082,11.981039047241211,0.06255232,30.89296745908979,58.921124174302385,44.53563877549667,0.2528700675001026,0.19113230002206366,0
81,8.673107,8.503953,12.15019416809082,11.981039047241211,0.0070116045,50.402277599308654,186.78546112507289,44.55440948461013,0.8016217074034501,0.19121285772606306,1
81,8.821705,8.65255,12.15019416809082,11.981039047241211,0.0,13.895620075749477,100.8811154921977,91.56377157898186,0.4329485365644708,0.3929615638569112,1
82,9.551338,9.382183,12.185321807861328,12.016166687011719,2.3922,67.13592762161511,101.38428122883604,35.62301395814227,0.4235161019420684,0.14880926143696166,0
82,9.003219,8.834064,12.185321807861328,12.016166687011719,0.16443987,1.8178091506522662,227.15291453895532,203.9763300284989,0.9488938102069002,0.8520774535761878,0
82,8.5694275,8.400272,12.185321807861328,12.016166687011719,0.024852708,16.684690778824688,155.1159268156663,116.7276081067293,0.6479711832825741,0.4876103176467816,0
82,8.2666855,8.09753,12.185321807861328,12.016166687011719,0.3395713,6.797446611440819,23.125724849731778,21.892463335730863,0.09660389879212906,0.09145215236009652,0
82,8.054879,7.8857245,12.185321807861328,12.016166687011719,0.3600179,2.1878460344680946,15.805775432536521,15.052631021964743,0.06602601821726628,0.06287988174424769,0
83,10.043372,9.874217,12.262524604797363,12.093369483947754,1.1961578,38.757282146879135,102.6482890858864,101.9448319596714,0.404115353910258,0.40134591831564026,0
83,8.875926,8.706772,12.262524604797363,12.093369483947754,0.054323364,82.98182026631059,192.59874416045696,173.40942391700426,0.7582406911229834,0.6826943862547964,0
83,9.083062,8.913907,12.262524604797363,12.093369483947754,0.011217613,46.27956561039281,120.43703644455123,119.19774288314784,0.4741477528765201,0.469268786450239,1
84,8.740591,8.571437,12.174778938293457,12.005623817443848,0.16907407,46.61171357013757,171.1250419892535,158.4680800825234,0.7206825532088533,0.6673785392739303,0
84,9.211302,9.042148,12.174778938293457,12.005623817443848,0.24961078,13.98507366153379,99.0745340219181,97.4970087175062,0.41724628556337934,0.41060263510217715,0
84,8.970865,8.801711,12.174778938293457,12.005623817443848,0.18536797,24.81554865412417,20.20178964086243,20.180687470578793,0.08507859030169995,0.08498971981388896,0
84,8.934362,8.765207,12.174778938293457,12.005623817443848,0.28465635,81.49471417310625,14.845347702794792,14.215910271023038,0.06252026565694113,0.059869428759305905,0
84,8.112907,7.9437523,12.174778938293457,12.005623817443848,0.0,42.223648537563534,187.8764342861829,102.99707753486372,0.7912300080408137,0.43376583548500913,1
84,8.092517,7.923362,12.174778938293457,12.005623817443848,0.111074135,8.415757875416773,37.45529989026481,37.05084230751093,0.15774068390185983,0.15603733575353884,0
84,8.357733,8.188578,12.174778938293457,12.005623817443848,0.09640386,39.76077468357104,45.219310498684735,22.64524221377519,0.19043833541663976,0.09536904001274865,0
84,8.352406,8.18325,12.174778938293457,12.005623817443848,0.0959624,6.120753924318024,35.175948233617454,19.272370099903643,0.14814133507203395,0.08116439726487697,0
84,8.101202,7.9320474,12.174778938293457,12.005623817443848,0.0,39.10437048485096,57.05970634520601,55.393019386787174,0.24030343178406874,0.2332842825197044,1
85,10.47897,10.309814,12.21730899810791,12.0481538772583,3.3806846,37.743148634493934,57.65369822823579,30.430395714507213,0.23499886630667338,0.1240355556353609,0
86,8.730204,8.561049,12.198965072631836,12.029809951782227,0.102219194,27.034333520047227,97.40168011702627,47.69007917247122,0.4026334852813492,0.19713851719482847,0
86,8.355133,8.185978,12.198965072631836,12.029809951782227,0.021306738,3.2461541300518775,28.580592396221963,27.865773574574813,0.11814481551109209,0.11518993841699371,0
86,8.048181,7.8790255,12.198965072631836,12.029809951782227,0.0,67.18893161704707,84.59293683225937,52.96788558023135,0.3496854360831889,0.21895561096614255,1
87,9.241013,9.071857,12.134502410888672,11.965347290039062,0.33398315,39.64193944719244,124.67186891092703,93.65934218976079,0.5415018455269782,0.4068015269975078,0
87,8.160819,7.991664,12.134502410888672,11.965347290039062,0.013331732,61.57203979185454,182.02724877275793,103.05664937203484,0.7906201455684415,0.4476179455419428,0
87,9.078824,8.90967,12.134502410888672,11.965347290039062,0.4573289,63.32384217312756,28.28492713975726,20.196527299127755,0.12285321765503948,0.08772192878192375,0
87,9.039363,8.870209,12.134502410888672,11.965347290039062,0.60591894,6.677015718558664,24.09605862013421,21.130355198246967,0.10465921724532128,0.091777932234787,0
87,8.334422,8.165267,12.134502410888672,11.965347290039062,0.44458652,83.58629711611559,33.74982310720819,32.9211171791262,0.14658953666459795,0.1429901217093593,0
87,8.87196,8.702805,12.134502410888672,11.965347290039062,0.3629208,39.24863005673829,9.516012937580202,8.32865342467559,0.041332007074024416,0.03617481024078188,0
87,8.105272,7.9361176,12.134502410888672,11.965347290039062,0.3096213,39.087970634926904,24.149950824735786,12.35140631486084,0.10489329353298903,0.053647301294001144,0
87,8.084957,7.915802,12.134502410888672,11.965347290039062,0.23525833,62.04546106336042,27.942384880632208,18.928282938930234,0.12136541397400442,0.08221341537288197,0
87,8.082716,7.9135613,12.134502410888672,11.965347290039062,0.0,6.635136768631227,8.257329740200973,3.6516520955534375,0.035865021776790997,0.015860645759448736,1
88,8.484689,8.315534,12.21090030670166,12.04174518585205,0.07770017,81.54683051699485,163.0860878226499,10.662923496590368,0.6680420242236834,0.0436780420200576,0
89,9.740241,9.571087,12.215540885925293,12.046385765075684,0.110413454,74.186419129147,108.97888383176695,87.50834435033101,0.4448003387526602,0.3571677360065376,0
89,8.375736,8.206581,12.215540885925293,12.046385765075684,0.0,21.532553157733446,25.206004353448936,24.67997486023724,0.10287900628825272,0.10073200231328405,1
90,8.701063,8.531909,12.15961742401123,11.990462303161621,0.0712745,44.57925848258303,138.81028766732962,133.00494995314014,0.5914073130206237,0.566673417309995,0
90,9.337032,9.167877,12.15961742401123,11.990462303161621,1.6202695,69.56695145929757,27.731136387609624,25.527277540035126,0.11814972170729567,0.1087600845181241,0
91,9.95176,9.782605,12.146799087524414,11.977643966674805,0.39549905,81.85714787948275,144.0380054910747,125.04036703392197,0.6197364780268333,0.5379974293075527,0
91,9.023588,8.854433,12.146799087524414,11.977643966674805,0.0026837476,17.488781907612292,181.59601820717697,157.2724396838621,0.781333206911048,0.6766788218711055,1
93,9.050534,8.881379,12.135220527648926,11.966065406799316,0.78882074,63.39718398570528,37.93344409875486,17.222724225520075,0.16467791975893037,0.07476785895466521,0
93,9.0960455,8.926891,12.135220527648926,11.966065406799316,0.33827925,6.822876048128336,38.13047727823242,37.61822897769084,0.1655332867020263,0.1633094974696638,0
93,8.757089,8.587935,12.135220527648926,11.966065406799316,0.38419428,35.06680750838677,37.71727763746032,11.369591756999752,0.16373949078119346,0.04935804706202406,0
93,8.904426,8.735271,12.135220527648926,11.966065406799316,0.36929414,11.965250993895324,22.554594511085966,21.970360812196873,0.09791475025105204,0.09537845563104205,0
93,8.833103,8.663949,12.135220527648926,11.966065406799316,0.4884624,20.019746148329883,31.077533825287095,15.667947923325388,0.13491481575631725,0.06801821274618114,0
93,8.797708,8.628552,12.135220527648926,11.966065406799316,0.49737608,83.92229601892132,11.248431132472902,6.573713186920201,0.04883206055914204,0.028538020694762096,0
93,8.23467,8.0655155,12.135220527648926,11.966065406799316,0.2738111,0.9625578188895361,39.82690416249543,38.68272378755848,0.17289787109347432,0.1679307174787622,0
93,8.028582,7.859427,12.135220527648926,11.966065406799316,0.2979762,26.71160950084618,42.976475639842484,29.927085261189276,0.18657089476280675,0.12992045047189807,0
93,8.068253,7.899098,12.135220527648926,11.966065406799316,0.23478161,10.172599775068818,45.461380022861825,44.06890726455378,0.1973584437006293,0.19131339499473873,0
93,8.100253,7.9310985,12.135220527648926,11.966065406799316,0.12091137,17.83860025207119,63.86429303615636,47.357419286411904,0.2772497771805062,0.20558959194252938,0
93,8.558029,8.388875,12.135220527648926,11.966065406799316,0.22924617,11.334645362310624,41.016980904476895,28.683112708244472,0.178064271531905,0.1245200757597353,0
93,8.47151,8.302355,12.135220527648926,11.966065406799316,0.23317783,29.242906990201178,44.696759429455675,31.49468195728409,0.19403904753931167,0.13672575299760098,0
93,8.650416,8.481262,12.135220527648926,11.966065406799316,0.133699,3.249478375083278,36.29959529650824,35.37849245866451,0.15758500140292414,0.1535862793563507,0
93,8.427616,8.258461,12.135220527648926,11.966065406799316,0.2279432,12.1217545247016,52.22234589794858,46.54700282727638,0.22670937194673993,0.20207138525712015,0
93,8.330021,8.160866,12.135220527648926,11.966065406799316,0.102791004,18.367281385342523,23.866450416903948,22.132771025265328,0.10360982241563474,0.096083516209409,0
93,8.279803,8.110648,12.135220527648926,11.966065406799316,0.11011778,57.63323170104256,22.62566371776529,11.859249128594119,0.0982232782371848,0.05148376380788191,0
93,8.030363,7.861208,12.135220527648926,11.966065406799316,0.14067017,42.060839670045084,21.382991659766503,4.568693072012649,0.09282854927661288,0.01983376118333468,0
94,9.026196,8.85704,12.17465877532959,12.00550365447998,0.039296158,8.370961636526545,233.26367861275077,50.773279482438966,0.9824074961298345,0.21383547864496635,0
95,9.147569,8.978414,12.153655052185059,11.98449993133545,7.445263e-05,48.41715094917174,120.2905146848155,109.35683541744658,0.5148597792572996,0.46806214347680963,1
95,8.935415,8.76626,12.153655052185059,11.98449993133545,15.3310585,2.0336760014635615,9.713108310463207,8.26973196768415,0.041573425915839075,0.03539557866682201,0
95,8.7832985,8.614143,12.153655052185059,11.98449993133545,1.0181712,4.494531315624059,14.490311492063674,12.758257892166112,0.06202050590373911,0.05460708069359958,0
95,8.758525,8.589371,12.153655052185059,11.98449993133545,0.0,42.73050175721765,38.10760572107269,9.625735164715135,0.1631057404732542,0.041199456957016864,1
97,9.065282,8.896127,12.080892562866211,11.911737442016602,0.40766087,22.258689714043882,203.36792072654282,196.38464407967663,0.9204302451798099,0.8888243802367527,0
97,8.641042,8.471888,12.080892562866211,11.911737442016602,0.0,34.02298060135905,120.4818000518718,120.40892504850031,0.5452929467207538,0.5449631191010336,1
97,8.227832,8.058677,12.080892562866211,11.911737442016602,0.20797735,43.65068208633318,33.36668915951214,33.28475689403224,0.1510155081204992,0.15064468790984661,0
97,8.2852745,8.116119,12.080892562866211,11.911737442016602,0.10780439,39.36895373846062,33.171689599998764,15.371627501264433,0.15013295254471498,0.06957100618059729,0
98,8.751302,8.582148,12.159271240234375,11.990117073059082,0.08969917,54.147433698823534,200.60260353576524,200.3956854713886,0.8549152417650987,0.8540334116995154,0
98,9.364808,9.195653,12.159271240234375,11.990117073059082,1.005557,84.39005233955962,5.45384526464597,5.407713694386534,0.023242846108639675,0.023046245556871073,0
98,8.359929,8.190774,12.159271240234375,11.990117073059082,0.0,57.61750080146646,61.970847087917036,60.490510661113916,0.2641033605085232,0.25779455817042973,1
98,8.308006,8.138851,12.159271240234375,11.990117073059082,0.0,10.506674056205767,48.783397070562145,46.037687166545524,0.20790193629399623,0.19620044685649404,1
100,10.198853,10.029697,12.151335716247559,11.98218059539795,0.96927667,77.28139765505196,87.6708371213633,78.36096321443456,0.3759066049395616,0.33598862071951335,0
100,9.602078,9.432923,12.151335716247559,11.98218059539795,0.16744353,37.737727116234154,109.00118958566257,105.9256839054529,0.46736484396514855,0.45417798575003243,0
101,8.42429,8.255135,12.141199111938477,11.972044944763184,0.0,33.898239552291386,89.41341646454954,43.95365427232456,0.386382780338529,0.18993721317552598,1
102,9.091748,8.922594,12.081304550170898,11.912150382995605,0.14392775,69.57146435695266,66.85663838512419,55.40890368379406,0.3024973801960518,0.250701330619286,0
102,8.7273855,8.558231,12.081304550170898,11.912150382995605,0.60250247,53.02298855485594,36.848648492996496,34.97718348532398,0.16672420124815593,0.15825663130112308,0
102,8.389825,8.22067,12.081304550170898,11.912150382995605,0.0016715858,36.696361716964674,77.84172248648598,67.74298715747179,0.35220013585590876,0.3065077251378757,1
102,8.117403,7.948248,12.081304550170898,11.912150382995605,0.0,45.09934813936346,166.4417166198567,53.29956393921734,0.7530767990878066,0.24115748034368137,1
102,8.023847,7.8546915,12.081304550170898,11.912150382995605,0.6117757,18.817201081689973,31.274922401756086,30.122312726720033,0.14150550073829374,0.13629044034176913,0
103,8.970707,8.801552,12.140619277954102,11.971465110778809,0.07580096,40.60259894359007,222.4474581397551,105.58378042874521,0.9617115835178552,0.4564724880161846,0
103,8.5821905,8.413036,12.140619277954102,11.971465110778809,0.3158798,23.05996479670958,25.090471800318078,20.791796766148817,0.10847414291933233,0.08988959442095253,0
103,8.464091,8.294936,12.140619277954102,11.971465110778809,0.45238256,25.611392804992818,27.85162395075562,16.42290737521503,0.12041148771588522,0.07100148677744068,0
103,8.115725,7.94657,12.140619277954102,11.971465110778809,0.28076506,15.481591538936186,25.584763852481686,22.17596221234985,0.11061112572049295,0.09587378481920997,0
103,8.325942,8.156787,12.140619277954102,11.971465110778809,0.21301515,12.345903903240668,27.938354256659167,27.935718851951027,0.12078645059712922,0.12077505689878683,0
103,8.07069,7.9015355,12.140619277954102,11.971465110778809,0.0,30.707607126347,94.52343373432277,35.29491232950896,0.4086550680164166,0.15259120652756814,1
103,8.021016,7.8518615,12.140619277954102,11.971465110778809,0.17265095,3.5671845745391124,39.90251580507658,16.694610568136095,0.172511351589089,0.07217614667284307,0
105,8.573556,8.404402,12.149308204650879,11.98015308380127,0.01652511,49.39895357074727,186.20165099627656,149.02140065123572,0.799608590714282,0.639944874406005,0
105,8.384471,8.215317,12.149308204650879,11.98015308380127,0.0,37.54319131251913,55.9098427272762,9.37344055067621,0.24009449062891738,0.040252508765457655,1
106,8.676506,8.507352,12.120570182800293,11.951415061950684,0.13312545,27.45459113971657,187.90745103550617,144.06651664641143,0.8249778020123799,0.6325011466633048,0
106,8.93747,8.768315,12.120570182800293,11.951415061950684,0.2597175,61.684173787086024,19.08135440301918,6.38750549884091,0.08377365414768746,0.0280433278070493,0
106,8.810346,8.6411915,12.120570182800293,11.951415061950684,0.0,70.33371293674409,8.175909789131065,5.156090693912595,0.03589503263505156,0.02263699679922084,1
106,8.232449,8.063294,12.120570182800293,11.951415061950684,0.0,61.09899610776296,112.78335231458809,79.1479403834797,0.4951573851028164,0.34748645427068275,1
107,8.339283,8.170128,12.1102933883667,11.941139221191406,0.022214111,58.55271443308823,204.8021273016128,191.47674247928572,0.9062218583296883,0.8472588233468364,0
108,8.923678,8.754523,12.198566436767578,12.029411315917969,0.029651744,31.069682049254023,98.85589500261369,61.08273204115964,0.40876884227455096,0.2525769217786282,0
108,8.118067,7.9489117,12.198566436767578,12.029411315917969,0.0,82.87421852102995,17.803550514670782,17.44137101357391,0.07361763030991776,0.0721200191117689,1
109,9.815065,9.64591,12.152965545654297,11.983810424804688,0.13341184,11.758496977923528,193.52645700811874,151.28888324927388,0.8287717994092194,0.6478905362063854,0
109,8.151739,7.9825835,12.152965545654297,11.983810424804688,0.053161304,66.38151324269097,156.6974241163605,156.53947606867257,0.6710524656701468,0.6703760574429759,0
111,8.975255,8.8061,12.0475435256958,11.878388404846191,0.16156997,69.20503945902749,21.33648361069794,10.555536954052547,0.09907336941365269,0.04901335342267779,0
111,8.16043,7.991275,12.0475435256958,11.878388404846191,0.0,1.1982807066064822,56.90475137834196,51.78353212258086,0.2642302994984523,0.2404505400764294,1
111,8.62345,8.454296,12.0475435256958,11.878388404846191,0.18441068,38.0483636148864,24.662771382640443,16.58963872278346,0.11451858256210905,0.0770319718848742,0
112,8.307768,8.138613,12.15032958984375,11.98117446899414,0.0,46.42426097529213,151.24244082564948,142.99256559753556,0.6489860093509329,0.6135855386053645,1
113,9.169938,9.000784,12.0787935256958,11.909638404846191,0.30081606,58.064324828736346,121.99054926182218,109.67909180956507,0.5530188475192594,0.49720740923384804,0
113,8.318161,8.149006,12.0787935256958,11.909638404846191,0.0,28.87880745352777,36.20385466734607,32.62096638390456,0.16412266446083076,0.14788038371622575,1
115,8.394405,8.22525,12.14277458190918,11.973620414733887,0.0,3.2814529500474876,27.275680909456685,25.93147795724025,0.11772657247815688,0.11192475925102698,1
116,8.020476,7.8513217,12.084506034851074,11.915350914001465,0.0030009807,8.044716490414004,141.6278430508052,135.3255645599972,0.639213746225969,0.6107694590216258,1
118,10.061913,9.892757,12.096303939819336,11.927148818969727,1.2921835,72.03327447665058,109.39680464314021,94.25790064452374,0.4893088054356489,0.4215956847889163,0
118,9.093862,8.924707,12.096303939819336,11.927148818969727,0.17262474,33.615236054548205,174.35724193827252,157.4309286172658,0.7798631235178426,0.704155298425982,0
119,9.892006,9.722851,12.11429214477539,11.945137023925781,1.5035284,18.617419112531906,43.72267201533301,36.02856078260846,0.19287605366300656,0.1589346282512271,0
119,8.460573,8.291418,12.11429214477539,11.945137023925781,0.04309486,19.81628147271273,125.08168338695089,124.50454647642421,0.5517792112234197,0.5492332577261904,0
119,8.942067,8.772912,12.11429214477539,11.945137023925781,0.13943604,76.16510613481846,51.06669435362684,31.917221074875307,0.22527311407428094,0.14079806565007819,0
119,8.368048,8.198894,12.11429214477539,11.945137023925781,0.0009941276,39.67017730616726,213.25515811889963,182.99716619561116,0.940743358659082,0.8072647352143764,1
121,8.409798,8.240643,12.051957130432129,11.88280200958252,0.012041718,21.04111175009183,108.83999051328409,104.4733743234021,0.503657264883317,0.4834507400883451,0
122,9.173993,9.004839,12.080242156982422,11.911087036132812,0.15851705,54.52277458757186,18.85848690485242,18.84201830136642,0.08539245450899449,0.08531788360194875,0
122,8.580814,8.411659,12.080242156982422,11.911087036132812,0.0,13.58346148529921,55.5016144248385,48.63630365300489,0.2513149177270043,0.22022834430615015,1
122,8.335466,8.166311,12.080242156982422,11.911087036132812,0.0,60.946611418002036,41.515908151501755,16.550488828294366,0.18798673064881555,0.07494168919819859,1
123,10.068942,9.899787,12.068097114562988,11.898941993713379,2.4692247,33.78663687100561,74.25143942478971,72.47789510946944,0.33938511851243297,0.33127868243112696,0
125,9.176881,9.007726,12.023412704467773,11.854257583618164,0.52784395,5.669363640635055,16.187763784674598,9.146441235046144,0.07656936435198698,0.04326336860149359,0
125,8.851485,8.682331,12.023412704467773,11.854257583618164,0.0,43.32062815001183,68.23006483187694,66.36966719321569,0.3227334401072555,0.3139336165782582,1
125,8.800661,8.631506,12.023412704467773,11.854257583618164,0.33945772,4.073302792904549,23.538558988623986,23.53147460471661,0.11133918949490763,0.11130567981563205,0
125,8.377457,8.208302,12.023412704467773,11.854257583618164,0.43382862,51.14204085423792,19.512950827376393,9.037203612114835,0.09229775411587665,0.0427466662661722,0
125,8.30941,8.140255,12.023412704467773,11.854257583618164,0.37210655,86.27384192312365,27.98310774627551,4.404244216364751,0.13236224602894092,0.020832412962266542,0
125,8.032448,7.863292,12.023412704467773,11.854257583618164,0.32942015,4.781036619686887,31.15844619686341,31.124026863732862,0.1473818404582913,0.1472190343725168,0
125,8.052641,7.883486,12.023412704467773,11.854257583618164,0.10977182,0.09116651269927445,34.16189619019529,33.2508801600455,0.16158838930045583,0.1572792136001605,0
126,8.099925,7.93077,12.029651641845703,11.860496520996094,0.0,22.23826271320638,180.7620622116003,92.36230609603007,0.8509248395191135,0.4347891340184984,1
126,8.101138,7.931983,12.029651641845703,11.860496520996094,0.0,35.764284130024976,55.72480182776033,39.89091044290041,0.26232063007233364,0.18778368730470268,1
128,8.661912,8.492758,12.008638381958008,11.839483261108398,0.024480775,11.481793088191367,153.1646505085617,86.25242730449514,0.7327580488965318,0.4126419518758272,0
128,8.208378,8.039224,12.008638381958008,11.839483261108398,0.0,26.24462297554227,141.27831260368043,140.18807310309228,0.6758923834653373,0.6706765470002763,1
128,8.778992,8.609837,12.008638381958008,11.839483261108398,0.007939789,39.01105736540282,45.506930524801426,39.1888959926934,0.21771061084854917,0.18748437626219733,1
129,8.389269,8.220114,12.02470874786377,11.85555362701416,0.0050412426,27.944981962700524,105.97709398779185,60.33417468062935,0.5007863091069988,0.2851043325910589,1
129,8.000597,7.831442,12.02470874786377,11.85555362701416,0.0,29.781263437384226,143.10497429746042,64.8588264847475,0.6762311476622738,0.3064852139845388,1
131,8.067242,7.8980865,12.031347274780273,11.862192153930664,0.0,58.62235200134853,41.60577585279743,39.49117035106278,0.19560532227611124,0.18566371964581602,1
132,8.608504,8.439351,12.013287544250488,11.844132423400879,0.7055879,1.3924646528101903,22.914382726870034,22.914295199533367,0.10923556902725418,0.10923515177410184,0
132,8.414597,8.245441,12.013287544250488,11.844132423400879,0.7895648,60.49961022728786,22.57111811447262,19.57552454894948,0.10759918607471745,0.09331883771863508,0
132,8.030243,7.8610873,12.013287544250488,11.844132423400879,0.29221696,36.64605223363816,21.150127798410473,20.020500519980214,0.10082515739554875,0.0954400907315735,0
132,8.076743,7.9075885,12.013287544250488,11.844132423400879,0.0599047,28.079370199048554,25.26711926777673,25.176462324883534,0.12045134201492398,0.12001916966006507,0
133,8.636507,8.467353,12.048606872558594,11.879451751708984,0.0,78.13898711100649,26.003644923749654,25.752616877409327,0.12064688291297862,0.11948220959877585,1
134,8.100587,7.931432,12.06410026550293,11.89494514465332,0.02025416,54.16915000691277,94.62933118750553,79.91004044056915,0.43383586840552585,0.3663540823316355,0
139,8.289199,8.120044,12.029425621032715,11.860270500183105,0.0,38.03360119115372,170.59279705251333,170.45936830926385,0.8032301680621391,0.8026019235306211,1
